Number of pairs,3747.000000
Number of unique pairs,726
Average pair frequency,5.161157
Pair entropy,6.297801

Pair,Frequency,Proportion,Entropy Term,Mutual Information
presiden kolombia,6.000000,0.001601,0.010307,5.149266
presiden gustavo,3.000000,0.000801,0.005709,5.149266
presiden petro,3.000000,0.000801,0.005709,5.149266
presiden palestina,20.000000,0.005338,0.027932,1.602526
presiden israel,3.000000,0.000801,0.005709,0.750710
presiden prabowo,26.000000,0.006939,0.034491,4.475537
presiden indonesia,4.000000,0.001068,0.007304,2.376677
presiden yg,4.000000,0.001068,0.007304,1.479315
presiden kemerdekaan,3.000000,0.000801,0.005709,2.915674
presiden sidang,4.000000,0.001068,0.007304,3.827510
presiden as,3.000000,0.000801,0.005709,3.539828
presiden mendukung,3.000000,0.000801,0.005709,2.782142
presiden otoritas,7.000000,0.001868,0.011737,4.004134
presiden dukung,3.000000,0.000801,0.005709,3.156836
presiden subianto,5.000000,0.001334,0.008833,5.149266
presiden ri,3.000000,0.000801,0.005709,3.682929
presiden trump,5.000000,0.001334,0.008833,4.119647
presiden mahmoud,5.000000,0.001334,0.008833,4.561479
presiden donald,4.000000,0.001068,0.007304,4.589650
kolombia gustavo,3.000000,0.000801,0.005709,7.634173
kolombia petro,3.000000,0.000801,0.005709,7.634173
gustavo petro,3.000000,0.000801,0.005709,8.327320
palestina presiden,14.000000,0.003736,0.020885,1.245851
palestina israel,43.000000,0.011476,0.051268,1.147492
palestina gaza,21.000000,0.005604,0.029055,1.637523
palestina milik,3.000000,0.000801,0.005709,2.036162
palestina genosida,3.000000,0.000801,0.005709,0.485565
palestina merdeka,28.000000,0.007473,0.036590,2.578078
palestina perang,10.000000,0.002669,0.015816,1.752058
palestina prabowo,8.000000,0.002135,0.013129,1.031076
palestina pengakuan,4.000000,0.001068,0.007304,1.379383
palestina negara,45.000000,0.012010,0.053107,1.672843
palestina berdaulat,10.000000,0.002669,0.015816,2.788150
palestina state,6.000000,0.001601,0.010307,0.914019
palestina indonesia,16.000000,0.004270,0.023298,1.497166
palestina hamas,18.000000,0.004804,0.025645,1.584177
palestina yg,33.000000,0.008807,0.041677,1.323722
palestina rakyat,5.000000,0.001334,0.008833,0.642750
palestina muslim,3.000000,0.000801,0.005709,1.417123
palestina sidang,3.000000,0.000801,0.005709,1.274022
palestina pbb,13.000000,0.003469,0.019650,1.337536
palestina gak,10.000000,0.002669,0.015816,1.448376
palestina nya,4.000000,0.001068,0.007304,1.011658
palestina hak,4.000000,0.001068,0.007304,1.561704
palestina hidup,3.000000,0.000801,0.005709,1.679487
palestina bangsa,7.000000,0.001868,0.011737,1.303010
palestina perdamaian,3.000000,0.000801,0.005709,1.497166
palestina amp,5.000000,0.001334,0.008833,0.996390
palestina kali,3.000000,0.000801,0.005709,1.784848
palestina dunia,8.000000,0.002135,0.013129,1.134260
palestina bikin,4.000000,0.001068,0.007304,2.072530
palestina warga,3.000000,0.000801,0.005709,0.293193
palestina sampe,3.000000,0.000801,0.005709,1.902631
palestina emang,3.000000,0.000801,0.005709,1.343015
palestina klo,3.000000,0.000801,0.005709,1.209484
palestina ngga,3.000000,0.000801,0.005709,2.036162
palestina pidato,6.000000,0.001601,0.010307,1.417123
palestina netanyahu,3.000000,0.000801,0.005709,0.614777
palestina prancis,3.000000,0.000801,0.005709,1.902631
palestina inggris,6.000000,0.001601,0.010307,1.379383
palestina aksi,3.000000,0.000801,0.005709,1.679487
palestina orang,9.000000,0.002402,0.014487,1.020242
palestina ga,8.000000,0.002135,0.013129,1.351984
palestina diakui,5.000000,0.001334,0.008833,2.095003
palestina mengakui,6.000000,0.001601,0.010307,0.723976
palestina as,3.000000,0.000801,0.005709,1.274022
palestina sdh,3.000000,0.000801,0.005709,1.584177
palestina pro,3.000000,0.000801,0.005709,0.986340
palestina dr,5.000000,0.001334,0.008833,1.853841
palestina baca,4.000000,0.001068,0.007304,1.784848
palestina perdana,4.000000,0.001068,0.007304,2.477995
palestina menteri,3.000000,0.000801,0.005709,1.584177
palestina yerusalem,3.000000,0.000801,0.005709,1.679487
palestina oktober,3.000000,0.000801,0.005709,1.679487
palestina ya,14.000000,0.003736,0.020885,1.411644
palestina na,3.000000,0.000801,0.005709,1.584177
palestina wilayah,6.000000,0.001601,0.010307,1.209484
palestina politik,4.000000,0.001068,0.007304,1.436541
palestina two,7.000000,0.001868,0.011737,1.651316
palestina arab,5.000000,0.001334,0.008833,1.125602
palestina deklarasi,4.000000,0.001068,0.007304,2.190313
palestina balfour,3.000000,0.000801,0.005709,2.036162
palestina mendukung,8.000000,0.002135,0.013129,1.497166
palestina rumah,3.000000,0.000801,0.005709,1.784848
palestina nasional,4.000000,0.001068,0.007304,2.072530
palestina yahudi,3.000000,0.000801,0.005709,0.371155
palestina konflik,3.000000,0.000801,0.005709,0.580875
palestina militer,3.000000,0.000801,0.005709,1.091701
palestina otoritas,3.000000,0.000801,0.005709,0.891030
palestina mengambil,3.000000,0.000801,0.005709,2.883460
palestina aja,9.000000,0.002402,0.014487,1.055333
palestina dukung,4.000000,0.001068,0.007304,1.178712
palestina zionis,3.000000,0.000801,0.005709,0.548085
palestina tepi,5.000000,0.001334,0.008833,1.784848
palestina barat,5.000000,0.001334,0.008833,1.125602
palestina tanah,8.000000,0.002135,0.013129,0.937550
palestina dukungan,4.000000,0.001068,0.007304,1.225232
palestina tentara,4.000000,0.001068,0.007304,2.477995
palestina menerima,4.000000,0.001068,0.007304,2.323844
palestina jd,5.000000,0.001334,0.008833,2.007991
palestina aman,4.000000,0.001068,0.007304,2.072530
palestina ajukan,5.000000,0.001334,0.008833,3.106604
palestina keanggotaan,3.000000,0.000801,0.005709,2.883460
palestina penuh,6.000000,0.001601,0.010307,2.036162
palestina serangan,5.000000,0.001334,0.008833,2.095003
palestina keamanan,6.000000,0.001601,0.010307,1.842006
palestina negeri,4.000000,0.001068,0.007304,1.704805
palestina abbas,7.000000,0.001868,0.011737,1.884931
palestina sakit,3.000000,0.000801,0.005709,1.417123
palestina gw,5.000000,0.001334,0.008833,1.659685
palestina rusia,3.000000,0.000801,0.005709,2.036162
palestina pidatonya,6.000000,0.001601,0.010307,2.883460
palestina kritik,4.000000,0.001068,0.007304,2.477995
palestina akui,3.000000,0.000801,0.005709,1.584177
palestina tuh,7.000000,0.001868,0.011737,2.344464
palestina khalifah,3.000000,0.000801,0.005709,2.595778
palestina asli,6.000000,0.001601,0.010307,2.036162
palestina penjajah,4.000000,0.001068,0.007304,1.561704
palestina nama,6.000000,0.001601,0.010307,2.190313
palestina susah,4.000000,0.001068,0.007304,2.660317
palestina udah,7.000000,0.001868,0.011737,1.784848
palestina tau,3.000000,0.000801,0.005709,1.343015
palestina isriwil,3.000000,0.000801,0.005709,2.372635
palestina solusi,5.000000,0.001334,0.008833,1.091701
palestina mengecam,4.000000,0.001068,0.007304,2.190313
palestina tp,4.000000,0.001068,0.007304,1.967169
palestina kalo,3.000000,0.000801,0.005709,0.614777
palestina terluka,3.000000,0.000801,0.005709,2.595778
palestina kalah,3.000000,0.000801,0.005709,2.190313
palestina dgn,3.000000,0.000801,0.005709,1.274022
palestina lu,6.000000,0.001601,0.010307,1.148859
palestina peta,5.000000,0.001334,0.008833,2.190313
palestina syarat,5.000000,0.001334,0.008833,2.413457
palestina damai,3.000000,0.000801,0.005709,1.343015
palestina bgt,3.000000,0.000801,0.005709,2.036162
palestina sejarah,4.000000,0.001068,0.007304,1.274022
palestina anggota,4.000000,0.001068,0.007304,2.190313
palestina angka,4.000000,0.001068,0.007304,2.883460
palestina isu,3.000000,0.000801,0.005709,1.148859
palestina mohon,3.000000,0.000801,0.005709,2.883460
palestina maaf,3.000000,0.000801,0.005709,2.595778
palestina islam,4.000000,0.001068,0.007304,1.274022
palestina angkatan,3.000000,0.000801,0.005709,2.883460
palestina bersenjata,3.000000,0.000801,0.005709,2.883460
palestina butuh,3.000000,0.000801,0.005709,2.595778
palestina sbg,3.000000,0.000801,0.005709,2.595778
palestina penduduk,3.000000,0.000801,0.005709,1.497166
palestina berbeda,3.000000,0.000801,0.005709,2.372635
palestina tinggal,4.000000,0.001068,0.007304,1.497166
palestina pemerintah,3.000000,0.000801,0.005709,1.209484
palestina tolol,3.000000,0.000801,0.005709,1.902631
palestina unrwa,4.000000,0.001068,0.007304,2.190313
palestina fatah,3.000000,0.000801,0.005709,2.190313
palestina memilih,3.000000,0.000801,0.005709,2.595778
palestina nggak,4.000000,0.001068,0.007304,2.190313
palestina mahmoud,5.000000,0.001334,0.008833,2.295673
palestina gini,3.000000,0.000801,0.005709,2.036162
palestina via,3.000000,0.000801,0.005709,2.190313
palestina posisi,3.000000,0.000801,0.005709,2.190313
palestina ngomong,3.000000,0.000801,0.005709,1.584177
palestina permohonan,3.000000,0.000801,0.005709,2.883460
palestina resmi,4.000000,0.001068,0.007304,2.072530
palestina suara,3.000000,0.000801,0.005709,2.372635
palestina de,4.000000,0.001068,0.007304,2.883460
palestina keras,4.000000,0.001068,0.007304,2.477995
penjajahan palestina,4.000000,0.001068,0.007304,1.871859
israel presiden,3.000000,0.000801,0.005709,0.750710
israel palestina,64.000000,0.017080,0.069514,1.545175
israel gaza,6.000000,0.001601,0.010307,1.430064
israel milik,3.000000,0.000801,0.005709,3.081466
israel genosida,9.000000,0.002402,0.014487,2.629481
israel perang,3.000000,0.000801,0.005709,1.593389
israel negara,11.000000,0.002936,0.017117,1.309379
israel indonesia,6.000000,0.001601,0.010307,1.561640
israel hamas,7.000000,0.001868,0.011737,1.685019
israel yg,14.000000,0.003736,0.020885,1.511575
israel rakyat,4.000000,0.001068,0.007304,1.464911
israel gak,3.000000,0.000801,0.005709,1.289707
israel nya,3.000000,0.000801,0.005709,1.769280
israel hak,4.000000,0.001068,0.007304,2.607008
israel bangsa,3.000000,0.000801,0.005709,1.501016
israel amp,6.000000,0.001601,0.010307,2.224016
israel krn,3.000000,0.000801,0.005709,2.724791
israel netanyahu,11.000000,0.002936,0.017117,2.959363
israel orang,5.000000,0.001334,0.008833,1.477759
israel aneh,3.000000,0.000801,0.005709,3.235617
israel mengakui,17.000000,0.004537,0.024479,2.810734
israel sdh,3.000000,0.000801,0.005709,2.629481
israel benjamin,8.000000,0.002135,0.013129,3.610310
israel yerusalem,3.000000,0.000801,0.005709,2.724791
israel wilayah,5.000000,0.001334,0.008833,2.072466
israel two,3.000000,0.000801,0.005709,1.849322
israel mendukung,3.000000,0.000801,0.005709,1.561640
israel yahudi,4.000000,0.001068,0.007304,1.704140
israel konflik,3.000000,0.000801,0.005709,1.626179
israel aja,5.000000,0.001334,0.008833,1.512850
israel zionis,3.000000,0.000801,0.005709,1.593389
israel tepi,4.000000,0.001068,0.007304,2.607008
israel tanah,9.000000,0.002402,0.014487,2.100637
israel serangan,4.000000,0.001068,0.007304,2.917163
israel abbas,3.000000,0.000801,0.005709,2.082937
israel berhenti,5.000000,0.001334,0.008833,4.151907
israel penjajah,4.000000,0.001068,0.007304,2.607008
israel kuat,3.000000,0.000801,0.005709,3.417938
israel pembunuh,4.000000,0.001068,0.007304,3.705620
pendudukan israel,4.000000,0.001068,0.007304,3.369148
gaza palestina,14.000000,0.003736,0.020885,1.232058
gaza indonesia,3.000000,0.000801,0.005709,2.075202
gaza yg,5.000000,0.001334,0.008833,1.688665
gaza warga,3.000000,0.000801,0.005709,2.545206
gaza tepi,5.000000,0.001334,0.008833,4.036860
gaza barat,5.000000,0.001334,0.008833,3.377615
gaza mengubah,3.000000,0.000801,0.005709,5.135473
milik israel,3.000000,0.000801,0.005709,3.081466
genosida palestina,13.000000,0.003469,0.019650,1.951902
genosida israel,5.000000,0.001334,0.008833,2.041694
genosida gaza,6.000000,0.001601,0.010307,3.430725
genosida amp,3.000000,0.000801,0.005709,3.531529
merdeka palestina,3.000000,0.000801,0.005709,0.344486
merdeka israel,7.000000,0.001868,0.011737,2.237088
merdeka negara,3.000000,0.000801,0.005709,1.869678
merdeka ya,3.000000,0.000801,0.005709,2.776084
perang palestina,4.000000,0.001068,0.007304,0.835767
perang israel,4.000000,0.001068,0.007304,1.881071
perang gaza,6.000000,0.001601,0.010307,3.493245
perang genosida,3.000000,0.000801,0.005709,3.594050
perang total,3.000000,0.000801,0.005709,5.481119
prabowo palestina,15.000000,0.004003,0.022100,1.659685
prabowo israel,5.000000,0.001334,0.008833,1.606376
prabowo indonesia,5.000000,0.001334,0.008833,2.944661
prabowo kemerdekaan,3.000000,0.000801,0.005709,3.260514
prabowo sidang,4.000000,0.001068,0.007304,4.172351
prabowo pbb,10.000000,0.002669,0.015816,3.685818
prabowo dunia,4.000000,0.001068,0.007304,3.051759
prabowo bikin,3.000000,0.000801,0.005709,4.395494
prabowo mengakui,4.000000,0.001068,0.007304,2.929157
prabowo subianto,5.000000,0.001334,0.008833,5.494106
pengakuan palestina,8.000000,0.002135,0.013129,2.072530
pengakuan negara,10.000000,0.002669,0.015816,3.820866
negara presiden,7.000000,0.001868,0.011737,2.077896
negara palestina,68.000000,0.018148,0.072758,2.085688
negara israel,15.000000,0.004003,0.022100,1.619534
negara merdeka,10.000000,0.002669,0.015816,3.073651
negara pengakuan,3.000000,0.000801,0.005709,2.616893
negara berdaulat,5.000000,0.001334,0.008833,3.620195
negara yg,17.000000,0.004537,0.024479,2.185620
negara israhell,4.000000,0.001068,0.007304,2.750424
negara kemerdekaan,4.000000,0.001068,0.007304,2.462742
negara perdamaian,3.000000,0.000801,0.005709,3.022358
negara inggris,4.000000,0.001068,0.007304,2.499110
negara ga,3.000000,0.000801,0.005709,1.896347
negara mengakui,7.000000,0.001868,0.011737,2.403319
negara yerusalem,3.000000,0.000801,0.005709,3.204679
negara arab,3.000000,0.000801,0.005709,2.139969
negara yahudi,5.000000,0.001334,0.008833,2.407172
negara barat,3.000000,0.000801,0.005709,2.139969
negara tanah,8.000000,0.002135,0.013129,2.462742
negara peta,3.000000,0.000801,0.005709,3.204679
negara pasukan,3.000000,0.000801,0.005709,2.868207
negara batas,3.000000,0.000801,0.005709,3.897827
state palestina,7.000000,0.001868,0.011737,1.068170
state israel,10.000000,0.002669,0.015816,2.470149
state negara,3.000000,0.000801,0.005709,1.746064
state mengakui,3.000000,0.000801,0.005709,2.812101
state solution,27.000000,0.007206,0.035545,5.464061
indonesia palestina,14.000000,0.003736,0.020885,1.363634
indonesia israel,8.000000,0.002135,0.013129,1.849322
indonesia negara,4.000000,0.001068,0.007304,1.636064
indonesia mengakui,5.000000,0.001334,0.008833,2.925243
indonesia konsisten,3.000000,0.000801,0.005709,4.756223
tdk palestina,3.000000,0.000801,0.005709,2.190313
hamas presiden,4.000000,0.001068,0.007304,2.345906
hamas palestina,14.000000,0.003736,0.020885,1.332863
hamas israel,4.000000,0.001068,0.007304,1.125404
hamas gaza,3.000000,0.000801,0.005709,2.044430
hamas perjuangan,3.000000,0.000801,0.005709,4.137665
hamas warga,3.000000,0.000801,0.005709,2.646010
hamas pidato,3.000000,0.000801,0.005709,3.076793
hamas setuju,4.000000,0.001068,0.007304,4.224676
hamas oktober,3.000000,0.000801,0.005709,4.032305
hamas serangan,3.000000,0.000801,0.005709,3.936994
perjuangan palestina,4.000000,0.001068,0.007304,2.072530
perjuangan rakyat,5.000000,0.001334,0.008833,4.987998
yg palestina,23.000000,0.006138,0.031263,0.962709
yg israel,15.000000,0.004003,0.022100,1.580568
yg gaza,3.000000,0.000801,0.005709,1.177839
yg negara,7.000000,0.001868,0.011737,1.298317
yg gak,3.000000,0.000801,0.005709,1.730629
yg maksud,4.000000,0.001068,0.007304,4.146543
yg nya,3.000000,0.000801,0.005709,2.210202
yg warga,3.000000,0.000801,0.005709,1.779419
yg kemarin,3.000000,0.000801,0.005709,3.271074
yg ga,5.000000,0.001334,0.008833,2.368206
yg mengakui,4.000000,0.001068,0.007304,1.804737
yg pro,4.000000,0.001068,0.007304,2.760248
yg tanah,4.000000,0.001068,0.007304,1.730629
yg abbas,3.000000,0.000801,0.005709,2.523860
yg bilang,4.000000,0.001068,0.007304,3.271074
yg dlm,3.000000,0.000801,0.005709,4.082004
mewakili palestina,4.000000,0.001068,0.007304,2.190313
mewakili rakyat,3.000000,0.000801,0.005709,4.594955
rakyat palestina,36.000000,0.009608,0.044630,2.616831
rakyat negara,3.000000,0.000801,0.005709,1.657117
rakyat yg,4.000000,0.001068,0.007304,1.905833
rakyat tanah,3.000000,0.000801,0.005709,2.649045
israhell palestina,6.000000,0.001601,0.010307,1.630697
muslim palestina,3.000000,0.000801,0.005709,1.417123
kemerdekaan palestina,25.000000,0.006672,0.033426,2.770131
sidang pbb,13.000000,0.003469,0.019650,5.171957
sidang majelis,3.000000,0.000801,0.005709,6.024735
pbb presiden,3.000000,0.000801,0.005709,2.137004
pbb palestina,12.000000,0.003203,0.018395,1.257493
pbb israel,3.000000,0.000801,0.005709,0.916502
pbb perang,3.000000,0.000801,0.005709,2.979683
pbb prabowo,3.000000,0.000801,0.005709,2.481845
pbb negara,4.000000,0.001068,0.007304,1.684073
pbb pemimpin,3.000000,0.000801,0.005709,3.580457
pbb pengungsi,3.000000,0.000801,0.005709,4.216446
gak palestina,8.000000,0.002135,0.013129,1.225232
gak israel,5.000000,0.001334,0.008833,1.800532
gak paham,4.000000,0.001068,0.007304,5.282797
nya palestina,4.000000,0.001068,0.007304,1.011658
hak palestina,5.000000,0.001334,0.008833,1.784848
hidup damai,3.000000,0.000801,0.005709,5.582902
bangsa palestina,8.000000,0.002135,0.013129,1.436541
bangsa israel,5.000000,0.001334,0.008833,2.011841
bangsa yg,3.000000,0.000801,0.005709,1.941938
bangsa orang,3.000000,0.000801,0.005709,2.937741
bangsa yahudi,3.000000,0.000801,0.005709,3.387266
bangsa filistin,5.000000,0.001334,0.008833,5.206424
bangsa kuno,3.000000,0.000801,0.005709,5.388746
bangsa kanaan,3.000000,0.000801,0.005709,4.695599
perdamaian presiden,3.000000,0.000801,0.005709,3.762972
perdamaian prabowo,3.000000,0.000801,0.005709,4.107812
dg palestina,3.000000,0.000801,0.005709,1.679487
amp palestina,7.000000,0.001868,0.011737,1.332863
amp israel,3.000000,0.000801,0.005709,1.530869
amp rakyat,3.000000,0.000801,0.005709,3.177889
krn yg,3.000000,0.000801,0.005709,3.165713
menghancurkan palestina,3.000000,0.000801,0.005709,2.883460
pemimpin palestina,3.000000,0.000801,0.005709,1.148859
pemimpin dunia,5.000000,0.001334,0.008833,4.373515
dunia palestina,11.000000,0.002936,0.017117,1.452714
dunia israel,3.000000,0.000801,0.005709,1.198735
dunia mengakui,3.000000,0.000801,0.005709,2.744659
warga palestina,30.000000,0.008006,0.038651,2.595778
warga gaza,7.000000,0.001868,0.011737,3.392503
warga negara,3.000000,0.000801,0.005709,1.818385
warga sipil,4.000000,0.001068,0.007304,5.177437
warga angka,3.000000,0.000801,0.005709,5.449371
menjamin israel,3.000000,0.000801,0.005709,3.641082
menjamin keamanan,3.000000,0.000801,0.005709,6.305037
klo palestina,3.000000,0.000801,0.005709,1.209484
klo israel,3.000000,0.000801,0.005709,2.254787
klo hamas,3.000000,0.000801,0.005709,3.562301
pidato presiden,6.000000,0.001601,0.010307,3.682929
pidato palestina,3.000000,0.000801,0.005709,0.723976
pidato prabowo,9.000000,0.002402,0.014487,4.433235
pidato sidang,4.000000,0.001068,0.007304,4.846080
pidato pbb,6.000000,0.001601,0.010307,3.848721
pidato netanyahu,3.000000,0.000801,0.005709,3.899152
netanyahu palestina,4.000000,0.001068,0.007304,0.902459
netanyahu israel,4.000000,0.001068,0.007304,1.947762
prancis palestina,3.000000,0.000801,0.005709,1.902631
prancis resmi,3.000000,0.000801,0.005709,6.247878
inggris palestina,5.000000,0.001334,0.008833,1.197061
inggris negara,5.000000,0.001334,0.008833,2.722253
umat yahudi,3.000000,0.000801,0.005709,4.967716
aksi palestina,3.000000,0.000801,0.005709,1.679487
negaranegara palestina,4.000000,0.001068,0.007304,2.072530
negaranegara mengakui,3.000000,0.000801,0.005709,4.376076
kemanusiaan palestina,4.000000,0.001068,0.007304,1.225232
orang palestina,20.000000,0.005338,0.027932,1.818749
orang israel,4.000000,0.001068,0.007304,1.254615
orang indonesia,3.000000,0.000801,0.005709,2.305218
orang yg,6.000000,0.001601,0.010307,2.101003
orang ya,3.000000,0.000801,0.005709,2.353228
orang arab,4.000000,0.001068,0.007304,3.384488
orang yahudi,5.000000,0.001334,0.008833,3.364009
orang eropa,3.000000,0.000801,0.005709,3.519662
orang tanah,3.000000,0.000801,0.005709,2.438750
aneh palestina,4.000000,0.001068,0.007304,2.477995
aneh yg,3.000000,0.000801,0.005709,3.676539
kemarin palestina,4.000000,0.001068,0.007304,2.072530
ga palestina,9.000000,0.002402,0.014487,1.469767
ga israel,3.000000,0.000801,0.005709,1.416458
ga setuju,3.000000,0.000801,0.005709,4.515731
ga ss,3.000000,0.000801,0.005709,4.611041
ga ngerti,4.000000,0.001068,0.007304,6.102696
diakui israel,3.000000,0.000801,0.005709,2.629481
diakui negara,4.000000,0.001068,0.007304,3.397051
mengakui palestina,33.000000,0.008807,0.041677,2.428724
mengakui israel,18.000000,0.004804,0.025645,2.867892
mengakui merdeka,3.000000,0.000801,0.005709,2.935715
mengakui negara,19.000000,0.005071,0.026795,3.401848
mengakui indonesia,3.000000,0.000801,0.005709,2.414418
mengakui kemerdekaan,5.000000,0.001334,0.008833,3.751922
internasional palestina,4.000000,0.001068,0.007304,1.704805
as trump,3.000000,0.000801,0.005709,5.177437
as donald,3.000000,0.000801,0.005709,5.870584
sdh palestina,4.000000,0.001068,0.007304,1.871859
pro palestina,10.000000,0.002669,0.015816,2.190313
pro israel,3.000000,0.000801,0.005709,2.031644
anak palestina,4.000000,0.001068,0.007304,2.072530
anak yg,3.000000,0.000801,0.005709,3.271074
perdana israel,5.000000,0.001334,0.008833,3.746442
perdana menteri,6.000000,0.001601,0.010307,7.028037
perdana benjamin,3.000000,0.000801,0.005709,6.334890
perdana pm,3.000000,0.000801,0.005709,7.346491
menteri israel,5.000000,0.001334,0.008833,3.140307
menteri netanyahu,3.000000,0.000801,0.005709,4.759353
menteri benjamin,6.000000,0.001601,0.010307,6.421901
menteri pm,3.000000,0.000801,0.005709,6.740355
benjamin netanyahu,10.000000,0.002669,0.015816,5.963326
yerusalem kanaan,3.000000,0.000801,0.005709,5.919374
waziri wa,3.000000,0.000801,0.005709,5.919374
waziri mkuu,4.000000,0.001068,0.007304,7.816494
wa uturuki,4.000000,0.001068,0.007304,6.430200
wa recep,3.000000,0.000801,0.005709,6.430200
wa tayyip,3.000000,0.000801,0.005709,6.430200
wa uingereza,4.000000,0.001068,0.007304,6.207056
ya palestina,11.000000,0.002936,0.017117,1.170482
ya hamas,3.000000,0.000801,0.005709,2.224016
ya yg,3.000000,0.000801,0.005709,1.357425
ya gak,3.000000,0.000801,0.005709,2.676001
ya orang,4.000000,0.001068,0.007304,2.640910
ya na,4.000000,0.001068,0.007304,4.303457
uturuki recep,3.000000,0.000801,0.005709,8.039638
uturuki tayyip,3.000000,0.000801,0.005709,8.039638
uturuki erdogan,3.000000,0.000801,0.005709,7.346491
na wa,4.000000,0.001068,0.007304,5.418599
kwa palestina,3.000000,0.000801,0.005709,1.679487
kwa ya,5.000000,0.001334,0.008833,4.621911
kwa na,3.000000,0.000801,0.005709,5.824064
wilayah palestina,9.000000,0.002402,0.014487,1.614949
wilayah israel,6.000000,0.001601,0.010307,2.254787
wilayah negara,3.000000,0.000801,0.005709,2.041529
wilayah tepi,3.000000,0.000801,0.005709,4.350758
politik pbb,3.000000,0.000801,0.005709,3.580457
politik negeri,3.000000,0.000801,0.005709,5.126382
global palestina,4.000000,0.001068,0.007304,2.072530
two state,24.000000,0.006405,0.032350,5.664732
two solution,19.000000,0.005071,0.026795,5.695810
solution palestina,8.000000,0.002135,0.013129,1.466394
solution israel,7.000000,0.001868,0.011737,2.378166
bendera palestina,7.000000,0.001868,0.011737,3.037611
arab palestina,3.000000,0.000801,0.005709,0.614777
arab saudi,3.000000,0.000801,0.005709,4.672342
deklarasi balfour,6.000000,0.001601,0.010307,7.192340
deklarasi mendukung,3.000000,0.000801,0.005709,4.979367
balfour mendukung,3.000000,0.000801,0.005709,5.112898
mendukung palestina,11.000000,0.002936,0.017117,1.815620
mendukung israel,5.000000,0.001334,0.008833,2.072466
mendukung state,4.000000,0.001068,0.007304,3.585290
mendukung two,3.000000,0.000801,0.005709,3.880755
mendukung solution,3.000000,0.000801,0.005709,3.562301
pendirian negara,4.000000,0.001068,0.007304,4.185509
yahudi palestina,10.000000,0.002669,0.015816,1.575127
yahudi eropa,3.000000,0.000801,0.005709,3.969188
konflik palestina,7.000000,0.001868,0.011737,1.428173
konflik israel,4.000000,0.001068,0.007304,1.913861
konflik gaza,3.000000,0.000801,0.005709,2.832888
konflik israelpalestina,7.000000,0.001868,0.011737,5.572750
pendukung palestina,5.000000,0.001334,0.008833,2.095003
militer palestina,3.000000,0.000801,0.005709,1.091701
militer israel,6.000000,0.001601,0.010307,2.830152
militer hamas,3.000000,0.000801,0.005709,3.444518
kristen palestina,5.000000,0.001334,0.008833,2.295673
otoritas palestina,20.000000,0.005338,0.027932,2.788150
otoritas abbas,3.000000,0.000801,0.005709,4.489063
otoritas mahmoud,3.000000,0.000801,0.005709,5.236277
aja palestina,7.000000,0.001868,0.011737,0.804019
aja yg,6.000000,0.001601,0.010307,2.136094
aja gak,5.000000,0.001334,0.008833,3.272349
aja paham,3.000000,0.000801,0.005709,4.707433
dukung palestina,13.000000,0.003469,0.019650,2.357367
dukung negara,4.000000,0.001068,0.007304,2.703904
dukung solusi,4.000000,0.001068,0.007304,4.319987
bela palestina,9.000000,0.002402,0.014487,2.595778
zionis palestina,6.000000,0.001601,0.010307,1.241232
zionis israel,5.000000,0.001334,0.008833,2.104215
zionis rakyat,3.000000,0.000801,0.005709,3.240410
tepi gaza,3.000000,0.000801,0.005709,3.526035
tepi barat,15.000000,0.004003,0.022100,6.058636
tepi diduduki,3.000000,0.000801,0.005709,5.870584
barat palestina,6.000000,0.001601,0.010307,1.307924
barat gaza,3.000000,0.000801,0.005709,2.866789
barat negara,4.000000,0.001068,0.007304,2.427651
barat tanah,3.000000,0.000801,0.005709,3.131897
barat diduduki,3.000000,0.000801,0.005709,5.211338
eropa palestina,6.000000,0.001601,0.010307,1.730781
eropa mengakui,3.000000,0.000801,0.005709,3.628862
amerika serikat,4.000000,0.001068,0.007304,7.346491
terkait palestina,4.000000,0.001068,0.007304,2.477995
kebebasan palestina,3.000000,0.000801,0.005709,2.883460
tanah palestina,22.000000,0.005871,0.030165,1.949151
tanah israel,5.000000,0.001334,0.008833,1.512850
tanah yg,8.000000,0.002135,0.013129,2.423776
tanah rakyat,4.000000,0.001068,0.007304,2.936727
tanah bangsa,3.000000,0.000801,0.005709,2.972832
tanah orang,3.000000,0.000801,0.005709,2.438750
tanah air,4.000000,0.001068,0.007304,5.177437
tanah perjanjian,3.000000,0.000801,0.005709,4.889755
filistin romawi,3.000000,0.000801,0.005709,5.919374
rais wa,3.000000,0.000801,0.005709,6.430200
rais uturuki,3.000000,0.000801,0.005709,8.039638
rais recep,3.000000,0.000801,0.005709,8.327320
recep tayyip,3.000000,0.000801,0.005709,8.327320
recep erdogan,3.000000,0.000801,0.005709,7.634173
tayyip erdogan,3.000000,0.000801,0.005709,7.634173
taifa palestina,4.000000,0.001068,0.007304,2.660317
taifa la,3.000000,0.000801,0.005709,7.123347
la palestina,3.000000,0.000801,0.005709,2.190313
la umoja,3.000000,0.000801,0.005709,7.634173
dukungan palestina,5.000000,0.001334,0.008833,1.448376
dukungan politik,3.000000,0.000801,0.005709,4.646809
masyarakat palestina,5.000000,0.001334,0.008833,2.883460
bantuan palestina,9.000000,0.002402,0.014487,2.190313
bantuan pbb,3.000000,0.000801,0.005709,3.523299
bantuan pengungsi,3.000000,0.000801,0.005709,5.436948
jd palestina,3.000000,0.000801,0.005709,1.497166
belain palestina,3.000000,0.000801,0.005709,2.883460
org palestina,3.000000,0.000801,0.005709,1.417123
aman palestina,3.000000,0.000801,0.005709,1.784848
ajukan brics,4.000000,0.001068,0.007304,7.228708
keanggotaan penuh,3.000000,0.000801,0.005709,6.786875
keanggotaan brics,3.000000,0.000801,0.005709,7.228708
penuh palestina,4.000000,0.001068,0.007304,1.630697
penuh brics,4.000000,0.001068,0.007304,5.975945
brics palestina,3.000000,0.000801,0.005709,1.784848
brics rusia,3.000000,0.000801,0.005709,6.381410
serangan oktober,5.000000,0.001334,0.008833,6.334890
keamanan israel,6.000000,0.001601,0.010307,2.887310
allah yg,4.000000,0.001068,0.007304,3.191031
allah suriah,3.000000,0.000801,0.005709,5.657010
allah engkau,3.000000,0.000801,0.005709,6.860983
allah buka,3.000000,0.000801,0.005709,6.013685
dah palestina,3.000000,0.000801,0.005709,2.190313
sakit hati,3.000000,0.000801,0.005709,6.573301
gw palestina,3.000000,0.000801,0.005709,1.148859
pidatonya pbb,4.000000,0.001068,0.007304,4.909593
akui palestina,8.000000,0.002135,0.013129,2.565006
akui israel,4.000000,0.001068,0.007304,2.917163
lo palestina,4.000000,0.001068,0.007304,1.784848
nabi palestina,3.000000,0.000801,0.005709,1.902631
penjajah zionis,3.000000,0.000801,0.005709,4.382507
penjajah tanah,4.000000,0.001068,0.007304,4.078825
nama palestina,5.000000,0.001334,0.008833,2.007991
pertahanan palestina,3.000000,0.000801,0.005709,1.584177
pertahanan israel,3.000000,0.000801,0.005709,2.629481
membela palestina,12.000000,0.003203,0.018395,2.883460
raja palestina,3.000000,0.000801,0.005709,1.902631
udah palestina,3.000000,0.000801,0.005709,0.937550
tau palestina,5.000000,0.001334,0.008833,1.853841
solusi palestina,7.000000,0.001868,0.011737,1.428173
solusi israel,3.000000,0.000801,0.005709,1.626179
solusi negara,18.000000,0.004804,0.025645,3.897827
solusi state,3.000000,0.000801,0.005709,3.362147
solusi solution,3.000000,0.000801,0.005709,3.626839
merebut palestina,3.000000,0.000801,0.005709,2.595778
pm israel,3.000000,0.000801,0.005709,3.641082
pm netanyahu,3.000000,0.000801,0.005709,5.770954
pm benjamin,4.000000,0.001068,0.007304,7.028037
homs suriah,3.000000,0.000801,0.005709,7.123347
homs masjid,3.000000,0.000801,0.005709,7.480022
homs agung,3.000000,0.000801,0.005709,8.327320
suriah palestina,3.000000,0.000801,0.005709,1.679487
suriah allah,3.000000,0.000801,0.005709,5.657010
suriah masjid,3.000000,0.000801,0.005709,6.276049
suriah agung,3.000000,0.000801,0.005709,7.123347
suriah khalid,3.000000,0.000801,0.005709,7.123347
suriah alaqsha,3.000000,0.000801,0.005709,7.123347
suriah yaa,3.000000,0.000801,0.005709,7.123347
masjid agung,3.000000,0.000801,0.005709,7.480022
masjid khalid,3.000000,0.000801,0.005709,7.480022
masjid bin,3.000000,0.000801,0.005709,6.786875
agung khalid,3.000000,0.000801,0.005709,8.327320
agung bin,3.000000,0.000801,0.005709,7.634173
agung walid,3.000000,0.000801,0.005709,8.327320
khalid bin,3.000000,0.000801,0.005709,7.634173
khalid walid,3.000000,0.000801,0.005709,8.327320
khalid radhiyallahu,3.000000,0.000801,0.005709,8.327320
bin walid,3.000000,0.000801,0.005709,7.634173
bin radhiyallahu,3.000000,0.000801,0.005709,7.634173
bin anhu,3.000000,0.000801,0.005709,7.634173
walid radhiyallahu,3.000000,0.000801,0.005709,8.327320
walid anhu,3.000000,0.000801,0.005709,8.327320
walid persembahan,3.000000,0.000801,0.005709,8.327320
radhiyallahu anhu,3.000000,0.000801,0.005709,8.327320
radhiyallahu persembahan,3.000000,0.000801,0.005709,8.327320
radhiyallahu syair,3.000000,0.000801,0.005709,8.327320
anhu persembahan,3.000000,0.000801,0.005709,8.327320
anhu syair,3.000000,0.000801,0.005709,8.327320
anhu mujahidin,3.000000,0.000801,0.005709,7.816494
persembahan suriah,3.000000,0.000801,0.005709,7.123347
persembahan syair,3.000000,0.000801,0.005709,8.327320
persembahan mujahidin,3.000000,0.000801,0.005709,7.816494
syair suriah,3.000000,0.000801,0.005709,7.123347
syair mujahidin,3.000000,0.000801,0.005709,7.816494
syair alaqsha,3.000000,0.000801,0.005709,8.327320
mujahidin suriah,3.000000,0.000801,0.005709,6.612521
mujahidin alaqsha,3.000000,0.000801,0.005709,7.816494
mujahidin yaa,3.000000,0.000801,0.005709,7.816494
alaqsha allah,3.000000,0.000801,0.005709,6.860983
alaqsha yaa,3.000000,0.000801,0.005709,8.327320
alaqsha engkau,3.000000,0.000801,0.005709,8.327320
yaa allah,3.000000,0.000801,0.005709,6.860983
yaa engkau,3.000000,0.000801,0.005709,8.327320
yaa buka,3.000000,0.000801,0.005709,7.480022
engkau suriah,3.000000,0.000801,0.005709,7.123347
engkau buka,3.000000,0.000801,0.005709,7.480022
buka palestina,5.000000,0.001334,0.008833,2.546988
buka suriah,3.000000,0.000801,0.005709,6.276049
mengecam keras,4.000000,0.001068,0.007304,6.941025
demo palestina,3.000000,0.000801,0.005709,2.883460
membantu palestina,4.000000,0.001068,0.007304,2.477995
saudi pangeran,3.000000,0.000801,0.005709,6.941025
tp israel,3.000000,0.000801,0.005709,2.724791
kalo palestina,8.000000,0.002135,0.013129,1.595606
kalo israel,6.000000,0.001601,0.010307,2.353228
kalo ss,3.000000,0.000801,0.005709,4.854663
kalah palestina,3.000000,0.000801,0.005709,2.190313
dgn israel,3.000000,0.000801,0.005709,2.319326
dgn negara,3.000000,0.000801,0.005709,2.799214
zionist palestina,3.000000,0.000801,0.005709,2.036162
lu palestina,6.000000,0.001601,0.010307,1.148859
lu negara,4.000000,0.001068,0.007304,2.268586
lu ya,4.000000,0.001068,0.007304,3.174992
krisis kemanusiaan,3.000000,0.000801,0.005709,5.870584
menjajah palestina,4.000000,0.001068,0.007304,2.660317
bantu palestina,5.000000,0.001334,0.008833,2.095003
damai palestina,4.000000,0.001068,0.007304,1.630697
senjata palestina,3.000000,0.000801,0.005709,1.679487
gencatan senjata,3.000000,0.000801,0.005709,7.123347
kau sakit,3.000000,0.000801,0.005709,6.013685
kau kalah,3.000000,0.000801,0.005709,6.786875
argumen kau,3.000000,0.000801,0.005709,7.192340
kuat palestina,3.000000,0.000801,0.005709,2.372635
sejarah palestina,6.000000,0.001601,0.010307,1.679487
sejarah israel,3.000000,0.000801,0.005709,2.031644
sejarah yg,3.000000,0.000801,0.005709,2.472566
anggota dpr,3.000000,0.000801,0.005709,6.653343
kementerian pertahanan,3.000000,0.000801,0.005709,7.028037
bernama palestina,3.000000,0.000801,0.005709,2.883460
sekjen pbb,3.000000,0.000801,0.005709,5.315058
romawi bizantium,3.000000,0.000801,0.005709,6.835665
one palestina,3.000000,0.000801,0.005709,1.902631
one state,7.000000,0.001868,0.011737,5.531201
one solution,6.000000,0.001601,0.010307,5.641742
konsisten palestina,3.000000,0.000801,0.005709,2.372635
isu palestina,10.000000,0.002669,0.015816,2.352832
islam yahudi,4.000000,0.001068,0.007304,4.205576
angkatan bersenjata,3.000000,0.000801,0.005709,8.327320
situ palestina,3.000000,0.000801,0.005709,2.595778
keberadaan palestina,3.000000,0.000801,0.005709,2.883460
sbg merdeka,3.000000,0.000801,0.005709,5.500664
sbg negara,4.000000,0.001068,0.007304,4.408652
pergi tanah,3.000000,0.000801,0.005709,5.400580
pembagian wilayah,4.000000,0.001068,0.007304,5.960196
pembunuh palestina,3.000000,0.000801,0.005709,2.372635
penduduk palestina,6.000000,0.001601,0.010307,2.190313
bani israel,4.000000,0.001068,0.007304,3.928764
pasukan palestina,6.000000,0.001601,0.010307,2.036162
pasukan perdamaian,5.000000,0.001334,0.008833,5.911406
memperjuangkan palestina,3.000000,0.000801,0.005709,2.595778
kejahatan gaza,3.000000,0.000801,0.005709,3.931500
kejahatan perang,3.000000,0.000801,0.005709,4.787972
kejahatan kemanusiaan,3.000000,0.000801,0.005709,5.177437
pengungsi palestina,7.000000,0.001868,0.011737,2.632146
tinggal palestina,4.000000,0.001068,0.007304,1.497166
darah palestina,3.000000,0.000801,0.005709,2.883460
more here,4.000000,0.001068,0.007304,8.039638
kanaan filistin,3.000000,0.000801,0.005709,5.919374
trump israel,3.000000,0.000801,0.005709,2.388319
peran palestina,4.000000,0.001068,0.007304,2.323844
pemerintah palestina,6.000000,0.001601,0.010307,1.902631
pemerintah israel,4.000000,0.001068,0.007304,2.542470
komisi ri,3.000000,0.000801,0.005709,6.573301
komisi i,4.000000,0.001068,0.007304,7.816494
komisi dpr,4.000000,0.001068,0.007304,7.634173
i ri,3.000000,0.000801,0.005709,6.350157
i dpr,4.000000,0.001068,0.007304,7.411029
dpr ri,3.000000,0.000801,0.005709,6.167836
majelis pbb,4.000000,0.001068,0.007304,4.909593
majelis perserikatan,3.000000,0.000801,0.005709,7.346491
majelis bangsabangsa,3.000000,0.000801,0.005709,6.941025
perlawanan palestina,5.000000,0.001334,0.008833,2.295673
perlawanan hamas,3.000000,0.000801,0.005709,4.137665
menyerahkan senjata,3.000000,0.000801,0.005709,7.123347
jalur palestina,3.000000,0.000801,0.005709,2.190313
jalur gaza,5.000000,0.001334,0.008833,4.953151
menolak palestina,6.000000,0.001601,0.010307,2.190313
menolak negara,3.000000,0.000801,0.005709,3.022358
perserikatan pbb,3.000000,0.000801,0.005709,5.027376
perserikatan bangsabangsa,4.000000,0.001068,0.007304,7.634173
bangsabangsa pbb,3.000000,0.000801,0.005709,4.621911
badan pbb,5.000000,0.001334,0.008833,4.621911
badan kemanusiaan,3.000000,0.000801,0.005709,5.177437
badan bantuan,3.000000,0.000801,0.005709,5.331588
badan pengungsi,4.000000,0.001068,0.007304,6.312417
solidaritas palestina,4.000000,0.001068,0.007304,2.477995
penderitaan palestina,4.000000,0.001068,0.007304,2.477995
mahmoud abbas,9.000000,0.002402,0.014487,6.481493
permasalahan palestina,3.000000,0.000801,0.005709,2.883460
alkitab yg,4.000000,0.001068,0.007304,4.369686
gini gak,3.000000,0.000801,0.005709,4.840965
bumi palestina,4.000000,0.001068,0.007304,2.190313
bumi gak,3.000000,0.000801,0.005709,4.707433
donald trump,7.000000,0.001868,0.011737,6.786875
menghentikan genosida,3.000000,0.000801,0.005709,5.418599
batas wilayah,3.000000,0.000801,0.005709,5.449371
ngomong palestina,3.000000,0.000801,0.005709,1.584177
sinza palestina,3.000000,0.000801,0.005709,2.883460
duta palestina,4.000000,0.001068,0.007304,3.171142
resmi palestina,6.000000,0.001601,0.010307,2.477995
resmi negara,4.000000,0.001068,0.007304,3.597722
resmi mengakui,4.000000,0.001068,0.007304,4.663758
hasan nasrallah,3.000000,0.000801,0.005709,8.327320
nasrallah palestina,4.000000,0.001068,0.007304,3.171142
edward said,4.000000,0.001068,0.007304,8.039638
de facto,3.000000,0.000801,0.005709,8.039638
keras israel,4.000000,0.001068,0.007304,3.523299
keras genosida,3.000000,0.000801,0.005709,5.236277
jepang palestina,3.000000,0.000801,0.005709,2.883460
cendekiawan muslim,3.000000,0.000801,0.005709,6.573301
migrasi yahudi,3.000000,0.000801,0.005709,5.527332
